<?xml version="1.0" encoding="UTF-8"?>
<beans xmlns="http://www.springframework.org/schema/beans"
	xmlns:context="http://www.springframework.org/schema/context" xmlns:tx="http://www.springframework.org/schema/tx"
	xmlns:aop="http://www.springframework.org/schema/aop" xmlns:xsi="http://www.w3.org/2001/XMLSchema-instance"
	xsi:schemaLocation="http://www.springframework.org/schema/beans
	http://www.springframework.org/schema/beans/spring-beans.xsd
	http://www.springframework.org/schema/context
	http://www.springframework.org/schema/context/spring-context.xsd
	http://www.springframework.org/schema/tx
	http://www.springframework.org/schema/tx/spring-tx.xsd
	http://www.springframework.org/schema/aop
	http://www.springframework.org/schema/aop/spring-aop.xsd">



	<!-- 扫描service -->
	<context:component-scan base-package="com.service.impl"></context:component-scan>




	<!-- 2 声明事务切面 -->
	<tx:advice id="txAdvice" transaction-manager="dataSourceTransactionManager">
		<tx:attributes>
			<tx:method name="add*" propagation="REQUIRED" />
			<tx:method name="insert*" propagation="REQUIRED" />
			<tx:method name="save*" propagation="REQUIRED" />
			<tx:method name="start*" propagation="REQUIRED" />
			<tx:method name="delete*" propagation="REQUIRED" />
			<tx:method name="update*" propagation="REQUIRED" />
			<tx:method name="load*" propagation="REQUIRED" read-only="true" />
			<tx:method name="get*" propagation="REQUIRED" read-only="true" />
			<tx:method name="*" propagation="REQUIRED" read-only="true" />
		</tx:attributes>
	</tx:advice>

	<!-- 进行aop的配置 -->
	<aop:config>
		<!-- 声明切入点 -->
		<aop:pointcut expression="execution(* com.service.impl.*.*(..))" id="pc1" />
		<aop:advisor advice-ref="txAdvice" pointcut-ref="pc1" />
		<!--如果有多个-->
		<!--<aop:pointcut expression="execution(* com.bus.service.impl.*.*(..))" id="pc2" />-->
		<!--<aop:advisor advice-ref="txAdvice" pointcut-ref="pc2" />-->
	</aop:config>

</beans>