<?xml version="1.0" encoding="UTF-8"?>
<beans xmlns="http://www.springframework.org/schema/beans"
	xmlns:context="http://www.springframework.org/schema/context"
	xmlns:xsi="http://www.w3.org/2001/XMLSchema-instance" xmlns:mvc="http://www.springframework.org/schema/mvc"
	xsi:schemaLocation="http://www.springframework.org/schema/beans 
	http://www.springframework.org/schema/beans/spring-beans.xsd
	http://www.springframework.org/schema/context
	http://www.springframework.org/schema/context/spring-context.xsd
	http://www.springframework.org/schema/mvc
        http://www.springframework.org/schema/mvc/spring-mvc.xsd">

	<!-- 扫描controller -->
	<context:component-scan base-package="com.controller"></context:component-scan>
	<!-- 配置映射器和适配器 -->
	<mvc:annotation-driven></mvc:annotation-driven>
	<!-- 配置视图解析器 -->
	<bean
		class="org.springframework.web.servlet.view.InternalResourceViewResolver">
		<property name="prefix" value="/WEB-INF/jsp/"></property>
		<!--<property name="suffix" value=".jsp"></property>-->
	</bean>

	<!-- 拦截器 -->
	<!-- <mvc:interceptors>
		<mvc:interceptor>
			<mvc:mapping path="/**" />
			<mvc:exclude-mapping path="/user/toLogin*" />
			<mvc:exclude-mapping path="/user/login*" />
			<bean class="com.sxt.interceptor.SessionInterceptor"></bean>
		</mvc:interceptor>
	</mvc:interceptors> -->

	<!-- 过滤静态资源 -->
	<mvc:default-servlet-handler />

</beans>